<keymap version="1" name="Rafa - Mac as Linux" parent="Mac OS X">
  <action id="ChangesView.SetDefault" />
  <action id="ClassNameCompletion">
    <keyboard-shortcut first-keystroke="meta alt space" />
  </action>
  <action id="CodeCompletion">
    <keyboard-shortcut first-keystroke="meta space" />
  </action>
  <action id="EditorMatchBrace" />
  <action id="FindInPath">
    <keyboard-shortcut first-keystroke="shift meta f" />
  </action>
  <action id="GotoAction" />
  <action id="NextTab">
    <keyboard-shortcut first-keystroke="ctrl page_down" />
  </action>
  <action id="PreviousTab">
    <keyboard-shortcut first-keystroke="ctrl page_up" />
  </action>
  <action id="Refresh" />
  <action id="Rerun">
    <keyboard-shortcut first-keystroke="meta f5" />
  </action>
  <action id="SelectNextOccurrence">
    <keyboard-shortcut first-keystroke="alt j" />
  </action>
</keymap>