train/IMG_20200516_103521.jpg,1319,811,1529,968,card
train/IMG_20200516_103521.jpg,1185,602,1324,820,card
train/IMG_20200516_103521.jpg,980,678,1168,907,card
train/IMG_20200516_103521.jpg,915,923,1093,1090,card
train/IMG_20200516_103521.jpg,1147,826,1311,1067,card
train/IMG_20200516_103521.jpg,1094,1070,1218,1287,card
train/IMG_20200516_103521.jpg,1278,1015,1503,1270,card
train/IMG_20200516_103525.jpg,1266,222,1669,690,card
train/IMG_20200516_103525.jpg,970,177,1233,597,card
train/IMG_20200516_103525.jpg,688,506,996,813,card
train/IMG_20200516_103525.jpg,802,858,1102,1248,card
train/IMG_20200516_103525.jpg,1086,604,1358,1007,card
train/IMG_20200516_103525.jpg,1170,1044,1454,1441,card
train/IMG_20200516_103525.jpg,1360,714,1799,1144,card
train/IMG_20200514_205831.jpg,1694,75,2152,418,card
train/IMG_20200514_205831.jpg,1078,216,1419,485,card
train/IMG_20200514_205831.jpg,614,278,867,518,card
train/IMG_20200514_205831.jpg,613,782,860,1005,card
train/IMG_20200514_205831.jpg,1089,775,1412,1027,card
train/IMG_20200514_205831.jpg,1658,763,2111,1067,card
train/IMG_20200514_205831.jpg,1643,1388,2085,1743,card
train/IMG_20200514_205831.jpg,1055,1297,1377,1597,card
train/IMG_20200514_205831.jpg,600,1252,845,1507,card
train/IMG_20200516_103731.jpg,1569,185,2009,745,card
train/IMG_20200516_103731.jpg,1124,356,1527,772,card
train/IMG_20200516_103731.jpg,839,514,1153,949,card
train/IMG_20200516_103731.jpg,650,756,893,995,card
train/IMG_20200516_103731.jpg,802,952,1100,1362,card
train/IMG_20200516_103731.jpg,940,1284,1281,1728,card
train/IMG_20200516_103731.jpg,1343,1189,1656,1648,card
train/IMG_20200516_103731.jpg,1527,844,2058,1312,card
train/IMG_20200516_103731.jpg,1130,867,1486,1157,card
train/IMG_20200514_210026.jpg,817,250,1052,648,card
train/IMG_20200514_210026.jpg,1197,198,1461,625,card
train/IMG_20200514_210026.jpg,1568,166,1864,618,card
train/IMG_20200514_210026.jpg,1555,837,1832,1249,card
train/IMG_20200514_210026.jpg,1146,849,1394,1236,card
train/IMG_20200514_210026.jpg,828,847,1063,1227,card
train/IMG_20200514_210026.jpg,817,1315,1052,1695,card
train/IMG_20200514_210026.jpg,1168,1345,1420,1744,card
train/IMG_20200514_210026.jpg,1550,1364,1830,1782,card
train/pic904951.jpg,633,172,793,358,card
train/IMG_20200516_103508.jpg,1127,391,1492,806,card
train/IMG_20200516_103508.jpg,1281,876,1659,1153,card
train/IMG_20200516_103508.jpg,1104,1184,1426,1582,card
train/IMG_20200516_103508.jpg,739,1103,1065,1481,card
train/IMG_20200516_103508.jpg,896,779,1267,1122,card
train/IMG_20200516_103508.jpg,581,852,893,1091,card
train/IMG_20200516_103508.jpg,807,444,1054,813,card
train/IMG_20200516_103725.jpg,1393,82,1693,580,card
train/IMG_20200516_103725.jpg,1061,413,1402,853,card
train/IMG_20200516_103725.jpg,1540,607,2007,973,card
train/IMG_20200516_103725.jpg,1179,797,1558,1198,card
train/IMG_20200516_103725.jpg,1471,1009,1908,1511,card
train/IMG_20200516_103725.jpg,1209,1389,1556,1760,card
train/IMG_20200516_103725.jpg,1000,1128,1229,1533,card
train/IMG_20200516_103725.jpg,743,1009,1009,1322,card
train/IMG_20200516_103725.jpg,875,767,1163,1099,card
train/IMG_20200514_210715.jpg,1703,398,2286,790,card
train/IMG_20200514_210715.jpg,1652,921,2183,1243,card
train/IMG_20200514_210715.jpg,1610,1370,2081,1622,card
train/IMG_20200514_210715.jpg,1042,1347,1495,1608,card
train/IMG_20200514_210715.jpg,999,907,1493,1210,card
train/IMG_20200514_210715.jpg,1008,381,1555,749,card
train/IMG_20200514_210715.jpg,258,374,819,741,card
train/IMG_20200514_210715.jpg,339,913,868,1216,card
train/IMG_20200514_210715.jpg,431,1329,906,1590,card
train/IMG_20200514_210404.jpg,1934,787,2374,1198,card
train/IMG_20200514_210404.jpg,1638,442,2076,862,card
train/IMG_20200514_210404.jpg,1368,105,1808,528,card
train/IMG_20200514_210404.jpg,962,439,1383,848,card
train/IMG_20200514_210404.jpg,1232,766,1654,1163,card
train/IMG_20200514_210404.jpg,1537,1087,1962,1487,card
train/IMG_20200514_210404.jpg,1104,1472,1514,1855,card
train/IMG_20200514_210404.jpg,801,1134,1213,1518,card
train/IMG_20200514_210404.jpg,532,818,948,1211,card
